loyalty_card_number,occupation,annual_spend,customer_id,age_group,region
********0001,Comerciante,2580000,CUST-EFF698B261D2,20-29,Andina
********0002,Ingeniero de sistemas,5400000,CUST-E9F4EC0BD860,30-39,Pacífica
********0003,Docente,5320000,CUST-E2C7317583CA,30-39,Andina
********0004,Abogada,4290000,CUST-6AD4C8020C2B,60-69,Andina
********0005,Comerciante,3670000,CUST-92569771F46C,20-29,Andina
********0006,Comerciante,3980000,CUST-6BA26D38CAF5,30-39,Andina
********0007,Diseñadora gráfica,3900000,CUST-0905B5EB79B2,40-49,Andina
********0008,Docente,3010000,CUST-0D009D11ABBE,20-29,Andina
********0009,Abogada,3820000,CUST-63E223A83C4F,50-59,Andina
********0010,Ingeniero de sistemas,2780000,CUST-5C7ECF714992,20-29,Andina
********0011,Docente,3860000,CUST-47F5C0A82384,60-69,Andina
********0012,Médico,5860000,CUST-6B6FB1925D38,50-59,Andina
********0013,Diseñadora gráfica,2560000,CUST-8572906E877E,20-29,Andina
********0014,Administradora,7310000,CUST-609EC8143C17,50-59,Andina
********0015,Comerciante,4090000,CUST-1E815123E227,40-49,Andina
********0016,Ingeniero de sistemas,8540000,CUST-DA51E8A6E6F0,30-39,Andina
********0017,Ingeniero de sistemas,5660000,CUST-B05FCC8E1357,40-49,Andina
********0018,Contadora,3420000,CUST-D6124DD2D524,30-39,Caribe
********0019,Enfermera,5000000,CUST-E946325A4C41,40-49,Andina
********0020,Enfermera,5180000,CUST-DA51362CFAE1,50-59,Andina
********0021,Abogada,3470000,CUST-04232D8A2445,20-29,Andina
********0022,Administradora,4860000,CUST-FAC5B0659538,50-59,Caribe
********0023,Ingeniero de sistemas,2760000,CUST-5D1F9B73816F,30-39,Andina
********0024,Diseñadora gráfica,1840000,CUST-0C231E704A80,40-49,Andina
********0025,Comerciante,4410000,CUST-7EA283EF7C9E,30-39,Andina
********0026,Docente,2230000,CUST-96126B84A46B,40-49,Andina
********0027,Arquitecta,4330000,CUST-8E7286B98096,60-69,Andina
********0028,Analista financiera,4490000,CUST-FEEB425C4CC9,20-29,Andina
********0029,Ingeniero de sistemas,4390000,CUST-22E4167DAE6D,50-59,Andina
********0030,Docente,5290000,CUST-98E6097CA1C9,40-49,Andina
********0031,Médico,7920000,CUST-146599880F29,60-69,Andina
********0032,Analista financiera,5680000,CUST-8EF0DFD6D903,50-59,Pacífica
********0033,Comerciante,6030000,CUST-53E1B05F71DA,60-69,Pacífica
********0034,Diseñadora gráfica,2550000,CUST-92056A8A99C7,40-49,Andina
********0035,Contadora,4360000,CUST-14A06E1573AA,40-49,Andina
********0036,Arquitecta,8660000,CUST-A1A48A53D38E,60-69,Andina
********0037,Arquitecta,5940000,CUST-99D1C77839FD,50-59,Andina
********0038,Analista financiera,3550000,CUST-378DBDC3BBE5,30-39,Andina
********0039,Enfermera,3870000,CUST-455D8268E4A2,40-49,Andina
********0040,Contadora,4550000,CUST-09BF16742D2F,40-49,Caribe
********0041,Contadora,3860000,CUST-1D821273B65F,30-39,Andina
********0042,Comerciante,2570000,CUST-07FAB4F3B82D,30-39,Andina
********0043,Comerciante,2970000,CUST-BF2D3765E03A,50-59,Caribe
********0044,Administradora,2110000,CUST-6F8F985E1522,30-39,Andina
********0045,Ingeniero de sistemas,2270000,CUST-C2396061B734,50-59,Andina
********0046,Contadora,3910000,CUST-5FDA9823D818,40-49,Andina
********0047,Ingeniero de sistemas,4210000,CUST-1AD7939A9709,30-39,Andina
********0048,Enfermera,2990000,CUST-92A64BEE6731,30-39,Andina
********0049,Docente,2650000,CUST-5172F6E0F743,40-49,Andina
********0050,Comerciante,4140000,CUST-A2C5219B73FC,60-69,Caribe
********0051,Docente,3020000,CUST-6F09C41861AD,60-69,Caribe
********0052,Enfermera,2980000,CUST-AB9139C2F65A,50-59,Caribe
********0053,Abogada,3540000,CUST-9A217832CD2B,30-39,Andina
********0054,Contadora,4080000,CUST-56CA5B644D7F,40-49,Andina
********0055,Enfermera,3780000,CUST-2A39A69940B6,40-49,Andina
********0056,Enfermera,2600000,CUST-F51B976F4E5B,20-29,Andina
********0057,Docente,2610000,CUST-033576A302BF,30-39,Andina
********0058,Médico,7950000,CUST-CED5E0872440,60-69,Andina
********0059,Técnico electricista,3020000,CUST-DEA7B395442E,40-49,Andina
********0060,Ingeniero de sistemas,4740000,CUST-43C21CA7808E,20-29,Andina
********0061,Enfermera,3230000,CUST-A929ECEB3648,40-49,Andina
********0062,Administradora,7290000,CUST-BF22CE83FB1E,60-69,Andina
********0063,Enfermera,2340000,CUST-24F33A26DCA4,50-59,Andina
********0064,Abogada,2300000,CUST-1234C2BA7F8C,20-29,Andina
********0065,Analista financiera,2590000,CUST-F0F2291FD7C6,30-39,Andina
********0066,Técnico electricista,3020000,CUST-6E1A2BC92131,40-49,Andina
********0067,Administradora,5590000,CUST-3FAB84A5D0F9,40-49,Andina
********0068,Arquitecta,4520000,CUST-92308CA16D65,30-39,Caribe
********0069,Contadora,2500000,CUST-2619368366A6,30-39,Andina
********0070,Comerciante,3870000,CUST-B8D7F09A5ABC,40-49,Andina
********0071,Comerciante,3990000,CUST-B2F253BE29AD,30-39,Andina
********0072,Enfermera,1960000,CUST-DA9A2DF40099,20-29,Caribe
********0073,Comerciante,3210000,CUST-60EEE4775448,40-49,Andina
********0074,Contadora,2890000,CUST-3FDC38D8D59F,20-29,Andina
********0075,Administradora,3550000,CUST-14EBF8365897,40-49,Andina
********0076,Analista financiera,5470000,CUST-78933C653D3F,60-69,Andina
********0077,Administradora,3150000,CUST-B5BBD2242888,40-49,Andina
********0078,Abogada,2450000,CUST-BE65E712BAD8,20-29,Andina
********0079,Contadora,4180000,CUST-CB0B1C18C352,40-49,Pacífica
********0080,Técnico electricista,2200000,CUST-48885D3AA0B8,20-29,Andina
********0081,Administradora,2310000,CUST-49D1D000DD0A,60-69,Pacífica
********0082,Administradora,3890000,CUST-8DA694D88F3A,50-59,Andina
********0083,Docente,4980000,CUST-E1EA4FEB0952,60-69,Pacífica
********0084,Administradora,2880000,CUST-A7EFFB600A81,40-49,Pacífica
********0085,Contadora,5740000,CUST-29DA5B56AA12,30-39,Andina
********0086,Ingeniero de sistemas,3810000,CUST-6A6111436163,30-39,Andina
********0087,Arquitecta,4610000,CUST-03065616B4E2,20-29,Andina
********0088,Analista financiera,5370000,CUST-EF302FC39445,60-69,Andina
********0089,Comerciante,2910000,CUST-EDC52023D456,50-59,Andina
********0090,Arquitecta,4770000,CUST-EABCBC44C70E,40-49,Pacífica
********0091,Docente,3070000,CUST-4AC51795D296,30-39,Andina
********0092,Administradora,3120000,CUST-49A55790665D,50-59,Pacífica
********0093,Comerciante,4400000,CUST-1955BA1B63F8,60-69,Caribe
********0094,Enfermera,3650000,CUST-A5365297A898,60-69,Andina
********0095,Enfermera,2230000,CUST-81652A0B9C35,40-49,Andina
********0096,Contadora,4230000,CUST-7900174B0BC1,60-69,Caribe
********0097,Administradora,5310000,CUST-4429D97D065F,40-49,Andina
********0098,Técnico electricista,3550000,CUST-3B40812C1476,60-69,Andina
********0099,Docente,2220000,CUST-09113A18580E,20-29,Andina
********0100,Técnico electricista,3420000,CUST-49AE6440ED98,40-49,Andina
********0101,Docente,3340000,CUST-F2F43882EED6,40-49,Andina
********0102,Administradora,1960000,CUST-7031A7E7068D,20-29,Caribe
********0103,Ingeniero de sistemas,5520000,CUST-5C8490919458,40-49,Andina
********0104,Comerciante,3360000,CUST-B47C03B304C1,20-29,Andina
********0105,Ingeniero de sistemas,5430000,CUST-54E2A4DFCAAE,50-59,Andina
********0106,Arquitecta,4360000,CUST-BF29CC498005,60-69,Caribe
********0107,Ingeniero de sistemas,3650000,CUST-DB2A90AFEE33,60-69,Andina
********0108,Abogada,2620000,CUST-DFBE4C1C9DF8,40-49,Caribe
********0109,Administradora,2590000,CUST-F6A83611FB92,40-49,Andina
********0110,Docente,2860000,CUST-BEAC112C8C5A,50-59,Andina
********0111,Docente,4270000,CUST-F594ED5EEA4E,60-69,Andina
********0112,Ingeniero de sistemas,5190000,CUST-23A5AC0A9074,30-39,Andina
********0113,Docente,3070000,CUST-C2479C1E8409,30-39,Andina
********0114,Diseñadora gráfica,2750000,CUST-4158134AF3B3,40-49,Andina
********0115,Comerciante,2800000,CUST-381B11E31B07,50-59,Caribe
********0116,Abogada,5360000,CUST-6F45FFD4AC25,40-49,Caribe
********0117,Comerciante,3540000,CUST-03EDE399EBB6,40-49,Andina
********0118,Arquitecta,3120000,CUST-6FB51DB0112D,30-39,Andina
********0119,Docente,2320000,CUST-939FFB1D1A73,20-29,Andina
********0120,Diseñadora gráfica,2030000,CUST-1BFE2C3022F2,50-59,Andina
********0121,Docente,1270000,CUST-3415A0FDCB0A,30-39,Andina
********0122,Médico,4280000,CUST-E3C975677986,30-39,Andina
********0123,Médico,6750000,CUST-1C4E8793055D,50-59,Andina
********0124,Contadora,4930000,CUST-6466D30F82BA,40-49,Andina
********0125,Enfermera,2060000,CUST-BB728946BBEF,40-49,Andina
********0126,Diseñadora gráfica,2270000,CUST-D6FB25FDF316,30-39,Andina
********0127,Contadora,3460000,CUST-49922C4FA9A1,40-49,Andina
********0128,Administradora,3120000,CUST-575B9B43B00B,60-69,Andina
********0129,Ingeniero de sistemas,3280000,CUST-50BDAA7719F0,20-29,Andina
********0130,Comerciante,4350000,CUST-9B645EDC327A,20-29,Caribe
********0131,Enfermera,2520000,CUST-DF62E273351D,20-29,Andina
********0132,Comerciante,2780000,CUST-B4054E15541E,60-69,Andina
********0133,Médico,2070000,CUST-2EB6D5E4E19F,50-59,Caribe
********0134,Enfermera,1810000,CUST-BB7368D0923E,40-49,Andina
********0135,Contadora,2150000,CUST-419E438DD24B,60-69,Andina
********0136,Docente,5080000,CUST-FAADCEEA8B38,40-49,Pacífica
********0137,Analista financiera,5550000,CUST-DC9583A99189,50-59,Pacífica
********0138,Administradora,2930000,CUST-C1737B1CE163,30-39,Pacífica
********0139,Enfermera,5970000,CUST-1588D52F9A8A,60-69,Andina
********0140,Analista financiera,3170000,CUST-B3A76BCB3F2F,20-29,Andina
********0141,Arquitecta,3960000,CUST-3E995906A33A,40-49,Andina
********0142,Analista financiera,3000000,CUST-2E49DEAD0AB8,60-69,Andina
********0143,Comerciante,2610000,CUST-C7DEBDFE1456,20-29,Andina
********0144,Comerciante,3520000,CUST-DE7661ABAEEC,20-29,Andina
********0145,Comerciante,1600000,CUST-3364C83E4A48,30-39,Caribe
********0146,Enfermera,3520000,CUST-57D10B018171,60-69,Caribe
********0147,Enfermera,2560000,CUST-90B43D5FEEA1,40-49,Andina
********0148,Comerciante,3660000,CUST-36C66458CBF6,50-59,Andina
********0149,Enfermera,2040000,CUST-CF5D7A755E41,20-29,Andina
********0150,Técnico electricista,5190000,CUST-D50A751ACD49,40-49,Caribe
********0151,Administradora,2620000,CUST-3163D9E17505,50-59,Andina
********0152,Comerciante,1600000,CUST-052E432BB5F2,20-29,Andina
********0153,Docente,1810000,CUST-B1D7CA41836A,20-29,Andina
********0154,Abogada,5830000,CUST-9AEB9B445156,50-59,Andina
********0155,Administradora,3290000,CUST-2B304B63169A,20-29,Andina
********0156,Ingeniero de sistemas,4590000,CUST-B15FC5355756,20-29,Caribe
********0157,Comerciante,2300000,CUST-7D23A52273A3,30-39,Andina
********0158,Docente,3410000,CUST-DF7DDF38BE1C,50-59,Caribe
********0159,Analista financiera,2140000,CUST-5B240BD5D158,20-29,Andina
********0160,Abogada,3640000,CUST-CA2877D282E2,30-39,Caribe
********0161,Técnico electricista,3190000,CUST-4108B443E26D,50-59,Caribe
********0162,Médico,4930000,CUST-89D46B974E89,20-29,Caribe
********0163,Docente,4870000,CUST-C405E2C721B7,50-59,Caribe
********0164,Técnico electricista,1490000,CUST-A62C5D3CA2A6,40-49,Andina
********0165,Comerciante,4280000,CUST-39932ABFB8AC,60-69,Andina
********0166,Enfermera,4220000,CUST-8CA142CDF765,30-39,Andina
********0167,Diseñadora gráfica,3210000,CUST-FCD7E80D09DC,50-59,Andina
********0168,Analista financiera,2370000,CUST-B94B724CEC1A,20-29,Caribe
********0169,Administradora,2190000,CUST-4093672E8625,20-29,Andina
********0170,Comerciante,3560000,CUST-44AF44E0C4DF,20-29,Andina
********0171,Médico,3070000,CUST-C8F310DC5CC7,20-29,Andina
********0172,Administradora,9050000,CUST-4E3CEC54DF3B,60-69,Andina
********0173,Docente,5800000,CUST-DD4400143CA3,60-69,Andina
********0174,Contadora,3330000,CUST-4266B780E1FA,20-29,Pacífica
********0175,Diseñadora gráfica,2050000,CUST-588051E1A17C,40-49,Andina
********0176,Abogada,4060000,CUST-4D3657AAF5CA,20-29,Andina
********0177,Analista financiera,2330000,CUST-5F906302336E,40-49,Caribe
********0178,Ingeniero de sistemas,2900000,CUST-149A787B0D9A,40-49,Caribe
********0179,Enfermera,2810000,CUST-3B7ECA53779F,60-69,Andina
********0180,Analista financiera,4130000,CUST-A0451240361E,50-59,Andina
********0181,Diseñadora gráfica,2320000,CUST-0DF1046D9639,60-69,Andina
********0182,Docente,3800000,CUST-1BF6E0266B3B,40-49,Pacífica
********0183,Técnico electricista,4210000,CUST-54122F2F8210,50-59,Andina
********0184,Administradora,2690000,CUST-ECDF33457A6D,20-29,Andina
********0185,Ingeniero de sistemas,5360000,CUST-B91D1920DF42,30-39,Andina
********0186,Ingeniero de sistemas,3820000,CUST-5C786648BEFF,60-69,Pacífica
********0187,Enfermera,4580000,CUST-206546A077BE,60-69,Andina
********0188,Analista financiera,4820000,CUST-BB4D57EC2B9F,40-49,Pacífica
********0189,Enfermera,3390000,CUST-655915B65C2D,50-59,Andina
********0190,Técnico electricista,2350000,CUST-0BEE4A87912D,30-39,Andina
********0191,Enfermera,4530000,CUST-378F4F881F4B,60-69,Andina
********0192,Técnico electricista,3430000,CUST-6D491FAB4100,50-59,Andina
********0193,Docente,3140000,CUST-1568B8B2EA4E,50-59,Andina
********0194,Enfermera,2720000,CUST-9AD1872632F0,30-39,Pacífica
********0195,Docente,2820000,CUST-24C2FD66445C,20-29,Caribe
********0196,Analista financiera,3330000,CUST-858A533B4097,20-29,Andina
********0197,Docente,4230000,CUST-0118AEB2DD46,40-49,Andina
********0198,Docente,5270000,CUST-1C874FA2C35B,40-49,Andina
********0199,Contadora,3790000,CUST-C9C25FCD06D5,40-49,Andina
********0200,Administradora,2310000,CUST-FAD5A55B76B1,20-29,Caribe
********0201,Administradora,3320000,CUST-F09B24021B09,60-69,Andina
********0202,Enfermera,1370000,CUST-32AA408D38B7,30-39,Andina
********0203,Contadora,4110000,CUST-F3B1862DDD96,30-39,Pacífica
********0204,Abogada,2920000,CUST-AE5EEB15366C,30-39,Andina
********0205,Abogada,4410000,CUST-BB535397980F,40-49,Andina
********0206,Analista financiera,10210000,CUST-F2204FDC2113,60-69,Andina
********0207,Médico,1630000,CUST-E0449BF3181E,20-29,Andina
********0208,Técnico electricista,2240000,CUST-6BE4E6EC8E8B,60-69,Andina
********0209,Enfermera,3240000,CUST-DEB4E62D753C,40-49,Andina
********0210,Analista financiera,3110000,CUST-8E3075F56A42,50-59,Andina
********0211,Docente,3110000,CUST-71C42CE1D55E,30-39,Caribe
********0212,Enfermera,1570000,CUST-90FDE08B69A4,20-29,Andina
********0213,Administradora,1820000,CUST-5B3000E5EE7E,60-69,Pacífica
********0214,Técnico electricista,3260000,CUST-3F667E010E70,50-59,Andina
********0215,Enfermera,2710000,CUST-B8464BF7A758,20-29,Andina
********0216,Docente,3050000,CUST-4927B00AB0D8,30-39,Andina
********0217,Técnico electricista,2320000,CUST-51E83259F6E9,50-59,Caribe
********0218,Contadora,5880000,CUST-1ECB9174892D,60-69,Andina
********0219,Docente,2240000,CUST-298E100955A6,50-59,Pacífica
********0220,Técnico electricista,2400000,CUST-1B5C5F26A35A,30-39,Caribe
********0221,Comerciante,4900000,CUST-DA708B7D0AD3,60-69,Andina
********0222,Enfermera,2010000,CUST-24EE4D947D59,30-39,Andina
********0223,Docente,4530000,CUST-7E563B91EA0D,30-39,Andina
********0224,Ingeniero de sistemas,2090000,CUST-A794F1B8F50A,30-39,Caribe
********0225,Docente,2600000,CUST-96B27D2316F8,60-69,Pacífica
********0226,Administradora,2690000,CUST-6AE78F7E19D3,20-29,Caribe
********0227,Analista financiera,4190000,CUST-1E8A261927E5,20-29,Andina
********0228,Contadora,3050000,CUST-6EF8A1B51B1C,40-49,Caribe
********0229,Enfermera,3220000,CUST-937728CC16D9,50-59,Andina
********0230,Abogada,4390000,CUST-01DDE868D111,60-69,Andina
********0231,Analista financiera,3760000,CUST-49F84317E893,50-59,Andina
********0232,Analista financiera,6460000,CUST-02357875AF02,30-39,Andina
********0233,Técnico electricista,5010000,CUST-8F31B6AC130F,50-59,Andina
********0234,Abogada,5560000,CUST-9FC5423E15CE,50-59,Andina
********0235,Docente,4680000,CUST-FAC69B5CC33E,40-49,Andina
********0236,Contadora,4150000,CUST-FAE96C405A9D,40-49,Andina
********0237,Comerciante,2690000,CUST-2D6DB115B97D,30-39,Andina
********0238,Comerciante,2700000,CUST-44DCF1BCD390,40-49,Andina
********0239,Contadora,3800000,CUST-C13CFB60F10E,60-69,Andina
********0240,Comerciante,4890000,CUST-40F2F395FB4C,30-39,Andina
********0241,Diseñadora gráfica,2870000,CUST-27F7B6AC2E11,40-49,Andina
********0242,Enfermera,6260000,CUST-8C4A6847881E,60-69,Andina
********0243,Docente,4710000,CUST-9DE72079F7F5,60-69,Andina
********0244,Médico,4060000,CUST-4323B0E78CE8,60-69,Andina
********0245,Analista financiera,2450000,CUST-864EA01070A5,30-39,Andina
********0246,Docente,5010000,CUST-AFFCA5640E94,60-69,Andina
********0247,Contadora,1040000,CUST-F77E5A8949FF,20-29,Andina
********0248,Docente,4620000,CUST-871DA95BEF5A,60-69,Andina
********0249,Contadora,4470000,CUST-04425E3A7E7F,30-39,Andina
********0250,Analista financiera,4470000,CUST-D7B3760B18A5,50-59,Andina
********0251,Comerciante,2760000,CUST-A4433BD392D2,20-29,Caribe
********0252,Analista financiera,3680000,CUST-3FB8578618E9,50-59,Andina
********0253,Docente,5060000,CUST-3BFF4C067F95,60-69,Pacífica
********0254,Ingeniero de sistemas,4450000,CUST-455688BA5D73,40-49,Andina
********0255,Arquitecta,2850000,CUST-362DBF4AAAAD,40-49,Andina
********0256,Docente,3150000,CUST-FFD1E2AB6093,20-29,Andina
********0257,Técnico electricista,3680000,CUST-6DA0A8ADB8BF,30-39,Caribe
********0258,Analista financiera,3520000,CUST-AB1348666C33,20-29,Pacífica
********0259,Analista financiera,2540000,CUST-E350D27EF586,50-59,Caribe
********0260,Docente,4030000,CUST-0A44AEDA8107,60-69,Andina
********0261,Analista financiera,3870000,CUST-F84BEAD05CAD,50-59,Andina
********0262,Ingeniero de sistemas,7330000,CUST-7FF78C15C10A,60-69,Andina
********0263,Diseñadora gráfica,5290000,CUST-B314713F3F29,50-59,Andina
********0264,Arquitecta,2630000,CUST-0C3D8F60270B,20-29,Andina
********0265,Comerciante,4300000,CUST-81993581D52E,30-39,Andina
********0266,Docente,3070000,CUST-C45C58E2914C,60-69,Andina
********0267,Ingeniero de sistemas,3140000,CUST-3229B9C5E01C,50-59,Caribe
********0268,Docente,3100000,CUST-1C4C17AD9A17,60-69,Andina
********0269,Administradora,3410000,CUST-DBF61990E5D9,50-59,Andina
********0270,Analista financiera,4030000,CUST-401D0F369576,40-49,Andina
********0271,Docente,2710000,CUST-82D0A88AD909,30-39,Andina
********0272,Comerciante,3590000,CUST-321C2CDC363B,20-29,Andina
********0273,Médico,2210000,CUST-CF16BDAE233E,20-29,Andina
********0274,Técnico electricista,2750000,CUST-4727743FC9FF,30-39,Andina
********0275,Ingeniero de sistemas,4390000,CUST-ADAD4A2B3964,20-29,Andina
********0276,Ingeniero de sistemas,4310000,CUST-2A15709D3221,40-49,Caribe
********0277,Analista financiera,3810000,CUST-5CE7BE265D5D,40-49,Andina
********0278,Técnico electricista,3550000,CUST-CC562365F21C,60-69,Andina
********0279,Contadora,3510000,CUST-EB5BA67EF2AD,50-59,Andina
********0280,Analista financiera,5290000,CUST-3F72B7135187,30-39,Andina
********0281,Contadora,2830000,CUST-3D3935D2E16F,60-69,Pacífica
********0282,Médico,4320000,CUST-83C18AD9EFEC,50-59,Andina
********0283,Enfermera,3380000,CUST-82500B05E4CB,20-29,Andina
********0284,Docente,4560000,CUST-4785C8F4D56A,50-59,Andina
********0285,Enfermera,9740000,CUST-5377D7431D87,50-59,Andina
********0286,Técnico electricista,2640000,CUST-34CEE049B024,40-49,Andina
********0287,Diseñadora gráfica,1590000,CUST-1E332FBB91A0,40-49,Andina
********0288,Arquitecta,4440000,CUST-E0CD404B66C4,60-69,Andina
********0289,Analista financiera,5580000,CUST-F639E6FE4C0A,60-69,Andina
********0290,Médico,4770000,CUST-3681C7482E8F,50-59,Andina
********0291,Comerciante,3110000,CUST-CFEA2E61637D,20-29,Andina
********0292,Analista financiera,5420000,CUST-5AF71EE412EF,50-59,Andina
********0293,Arquitecta,2280000,CUST-B9CDF3AA7CAA,50-59,Andina
********0294,Ingeniero de sistemas,4480000,CUST-B01D0AA63427,50-59,Andina
********0295,Administradora,4590000,CUST-D32744A8F8BF,60-69,Andina
********0296,Abogada,3570000,CUST-214FEC02E63B,50-59,Andina
********0297,Administradora,4750000,CUST-0496FC82B84D,30-39,Andina
********0298,Comerciante,4110000,CUST-4498095CEAFD,50-59,Andina
********0299,Ingeniero de sistemas,3180000,CUST-769A312905B1,60-69,Caribe
********0300,Administradora,4300000,CUST-C8B2089D9F23,50-59,Andina
********0301,Administradora,7860000,CUST-78BE0EC1FCD1,60-69,Andina
********0302,Contadora,6840000,CUST-7957441E2F09,50-59,Andina
********0303,Comerciante,2920000,CUST-F0BEE2AC345E,30-39,Andina
********0304,Enfermera,4330000,CUST-CD6F0D8D022B,60-69,Andina
********0305,Administradora,3010000,CUST-172E371B79A6,40-49,Andina
********0306,Enfermera,2690000,CUST-E1934F7FB6FD,60-69,Andina
********0307,Analista financiera,3590000,CUST-446588E2EDD9,40-49,Andina
********0308,Administradora,3700000,CUST-9868806D4049,60-69,Caribe
********0309,Docente,1280000,CUST-29EB6C627248,20-29,Caribe
********0310,Docente,4550000,CUST-BA822BB32BAB,60-69,Andina
********0311,Docente,2530000,CUST-79B5CFCADB8D,20-29,Andina
********0312,Arquitecta,4070000,CUST-0C7B476249B8,20-29,Andina
********0313,Abogada,4280000,CUST-C3B329C2DFA9,20-29,Andina
********0314,Arquitecta,2920000,CUST-EE008B65223A,30-39,Andina
********0315,Docente,2010000,CUST-8CAD2FA2B466,30-39,Caribe
********0316,Docente,2000000,CUST-8037372131B1,30-39,Andina
********0317,Abogada,4510000,CUST-A7189BAD8557,30-39,Andina
********0318,Técnico electricista,2300000,CUST-F2D9F078A6AE,30-39,Andina
********0319,Técnico electricista,3090000,CUST-1058DEE899B5,60-69,Andina
********0320,Administradora,4400000,CUST-7A2EF3E3C12D,60-69,Andina
********0321,Administradora,2980000,CUST-17786D1D1496,40-49,Andina
********0322,Docente,2270000,CUST-71E593EB609D,40-49,Andina
********0323,Arquitecta,3930000,CUST-46B41A732ECC,20-29,Andina
********0324,Abogada,3490000,CUST-A86E95FEA55D,40-49,Pacífica
********0325,Enfermera,3480000,CUST-2A5EB410EAA8,60-69,Andina
********0326,Administradora,3470000,CUST-B927416E425F,50-59,Andina
********0327,Ingeniero de sistemas,3830000,CUST-4B23102018BD,20-29,Andina
********0328,Médico,6880000,CUST-B93B6BC06F4F,40-49,Andina
********0329,Arquitecta,6330000,CUST-C61FBEBDC197,30-39,Andina
********0330,Analista financiera,3650000,CUST-B3343CB28F24,20-29,Andina
********0331,Enfermera,4930000,CUST-F60245702F06,20-29,Andina
********0332,Administradora,2560000,CUST-F01255D83371,50-59,Andina
********0333,Analista financiera,3840000,CUST-0F15A0BD2DE3,50-59,Caribe
********0334,Comerciante,2590000,CUST-95E39456ED70,30-39,Andina
********0335,Técnico electricista,2190000,CUST-CBE91FA42067,30-39,Andina
********0336,Comerciante,3900000,CUST-048019053310,30-39,Andina
********0337,Ingeniero de sistemas,4120000,CUST-85DDF1E53049,20-29,Andina
********0338,Contadora,2450000,CUST-C0B157875EB8,20-29,Andina
********0339,Docente,3310000,CUST-253F6E789B22,50-59,Andina
********0340,Abogada,3420000,CUST-18AF1EBC5445,50-59,Andina
********0341,Diseñadora gráfica,2710000,CUST-C0280117CE50,50-59,Andina
********0342,Administradora,3580000,CUST-8133709D2DB7,40-49,Caribe
********0343,Administradora,4040000,CUST-45C4275038B5,50-59,Andina
********0344,Diseñadora gráfica,3200000,CUST-2197B27E96A8,20-29,Andina
********0345,Contadora,3180000,CUST-3ABB674A63B7,30-39,Andina
********0346,Comerciante,3310000,CUST-57A6C3D49E8A,40-49,Andina
********0347,Diseñadora gráfica,2200000,CUST-9181D0E95B3E,30-39,Andina
********0348,Arquitecta,3350000,CUST-4BFEEFEBBF7D,20-29,Andina
********0349,Diseñadora gráfica,2220000,CUST-EFEB3C16007E,20-29,Andina
********0350,Abogada,3180000,CUST-ABF4F96DFB8E,20-29,Andina
********0351,Abogada,7410000,CUST-442CFFD011E4,40-49,Pacífica
********0352,Comerciante,4680000,CUST-C0F854C229AC,50-59,Caribe
********0353,Comerciante,2050000,CUST-5C1DFF92F300,20-29,Pacífica
********0354,Comerciante,5030000,CUST-3B057210F753,30-39,Andina
********0355,Docente,3090000,CUST-8BB7CBF5F7B5,50-59,Andina
********0356,Contadora,6400000,CUST-0F2AADBC2388,50-59,Andina
********0357,Diseñadora gráfica,2310000,CUST-9678819FC5E5,60-69,Andina
********0358,Contadora,2170000,CUST-AC450EFE5F3E,20-29,Andina
********0359,Administradora,3150000,CUST-05960A7DBB23,60-69,Andina
********0360,Analista financiera,2740000,CUST-48CCC8ECA9B8,20-29,Andina
********0361,Docente,3660000,CUST-80876B21C4D8,20-29,Andina
********0362,Administradora,7400000,CUST-29936F8952DE,50-59,Andina
********0363,Enfermera,4030000,CUST-9A5648C6CC3C,50-59,Caribe
********0364,Comerciante,3620000,CUST-AD868E249C5F,40-49,Andina
********0365,Ingeniero de sistemas,3460000,CUST-FAB2EC58F789,40-49,Andina
********0366,Enfermera,4070000,CUST-75AB8673DD54,30-39,Andina
********0367,Ingeniero de sistemas,8790000,CUST-EA6D6BD63FB2,40-49,Andina
********0368,Analista financiera,2860000,CUST-F9D5EF76CB03,50-59,Andina
********0369,Analista financiera,5040000,CUST-9D8A3F494925,50-59,Andina
********0370,Enfermera,2440000,CUST-87CFF8F77ACE,20-29,Andina
********0371,Docente,1520000,CUST-6CD4E4F81FC1,20-29,Andina
********0372,Comerciante,4570000,CUST-CED8EDEDA2DE,50-59,Andina
********0373,Comerciante,7120000,CUST-AD6ADE1EC50F,50-59,Andina
********0374,Abogada,2900000,CUST-D199963EA86D,30-39,Andina
********0375,Enfermera,3290000,CUST-375502F42991,20-29,Andina
********0376,Administradora,2840000,CUST-75BA44C31256,20-29,Andina
********0377,Analista financiera,3880000,CUST-0CC2AE1710AC,60-69,Andina
********0378,Arquitecta,4890000,CUST-0A3862392389,50-59,Pacífica
********0379,Enfermera,4060000,CUST-13D3530C6B62,60-69,Caribe
********0380,Médico,5480000,CUST-32190F51EA73,60-69,Andina
********0381,Administradora,3350000,CUST-1206AE7A5E34,50-59,Pacífica
********0382,Docente,2430000,CUST-905BF587C063,30-39,Andina
********0383,Técnico electricista,3440000,CUST-89FC476D2DA4,20-29,Andina
********0384,Administradora,2600000,CUST-94EA7045134D,40-49,Andina
********0385,Administradora,2580000,CUST-FBB73F26F5AC,30-39,Andina
********0386,Comerciante,2110000,CUST-8242A4192362,20-29,Caribe
********0387,Administradora,4470000,CUST-179B86797398,20-29,Andina
********0388,Comerciante,2640000,CUST-88CDE443D846,20-29,Pacífica
********0389,Contadora,2540000,CUST-B7F0B8BE7747,60-69,Caribe
********0390,Docente,2690000,CUST-8E82C5EE1A90,20-29,Pacífica
********0391,Docente,1740000,CUST-5B483BDD6779,40-49,Caribe
********0392,Arquitecta,5840000,CUST-8ADE272FFEAF,40-49,Andina
********0393,Diseñadora gráfica,2460000,CUST-6AD6514AC032,20-29,Andina
********0394,Ingeniero de sistemas,4420000,CUST-D9A20AFE1ED5,20-29,Andina
********0395,Docente,3240000,CUST-03791FD19D48,30-39,Pacífica
********0396,Técnico electricista,3370000,CUST-83751F65DC25,60-69,Andina
********0397,Técnico electricista,5410000,CUST-F4BE2E8577CD,60-69,Andina
********0398,Arquitecta,2710000,CUST-43EFB0583BD1,40-49,Andina
********0399,Contadora,3830000,CUST-6160916857FC,50-59,Andina
********0400,Arquitecta,5180000,CUST-C90DD2CB84E1,60-69,Andina
********0401,Técnico electricista,3610000,CUST-D2099BC9A555,60-69,Andina
********0402,Ingeniero de sistemas,2430000,CUST-0F749CE9FDBE,20-29,Andina
********0403,Administradora,3890000,CUST-F335084DCD7E,40-49,Andina
********0404,Administradora,2900000,CUST-FEC7CB2745BE,30-39,Andina
********0405,Enfermera,3940000,CUST-C45EA90A62A2,60-69,Caribe
********0406,Abogada,3140000,CUST-B56B545DC00C,30-39,Pacífica
********0407,Comerciante,3120000,CUST-AF0C595D4896,60-69,Caribe
********0408,Enfermera,2800000,CUST-8E8700BCF5FA,50-59,Andina
********0409,Ingeniero de sistemas,4850000,CUST-5D82D47E2FEB,40-49,Caribe
********0410,Ingeniero de sistemas,4250000,CUST-F51C2D8708B9,50-59,Caribe
********0411,Contadora,4690000,CUST-6F3A9D4805C7,40-49,Andina
********0412,Médico,6420000,CUST-391F42D42771,50-59,Andina
********0413,Técnico electricista,2950000,CUST-5DB07D8A3F36,40-49,Andina
********0414,Médico,3240000,CUST-9042B9B9A842,40-49,Caribe
********0415,Docente,1980000,CUST-1D3604A9F89F,50-59,Andina
********0416,Abogada,1840000,CUST-61AE262DCEB3,40-49,Andina
********0417,Técnico electricista,2150000,CUST-9CA7D93E8B6D,40-49,Andina
********0418,Abogada,4170000,CUST-534A28B2F599,50-59,Andina
********0419,Arquitecta,2440000,CUST-5494800D2906,30-39,Andina
********0420,Administradora,2910000,CUST-0C3FC7E867C0,20-29,Andina
********0421,Ingeniero de sistemas,2550000,CUST-E6551168340E,20-29,Andina
********0422,Abogada,4510000,CUST-7B79D552A4CB,60-69,Pacífica
********0423,Comerciante,3240000,CUST-3C9E1AC69334,50-59,Andina
********0424,Analista financiera,4490000,CUST-AF2B7C6EED6B,50-59,Andina
********0425,Ingeniero de sistemas,6350000,CUST-C6A562640B06,50-59,Andina
********0426,Docente,3090000,CUST-8A9DC223D1B0,20-29,Caribe
********0427,Médico,5970000,CUST-935387D17037,40-49,Pacífica
********0428,Abogada,3700000,CUST-74E3AE9705A9,30-39,Caribe
********0429,Analista financiera,4240000,CUST-8AF49663522E,50-59,Andina
********0430,Comerciante,5170000,CUST-219FE6663321,30-39,Andina
********0431,Administradora,3200000,CUST-2D591FB285FF,40-49,Andina
********0432,Contadora,3090000,CUST-F982E242AD94,40-49,Andina
********0433,Diseñadora gráfica,4350000,CUST-831B7BC13CEC,40-49,Andina
********0434,Enfermera,2560000,CUST-042CFFA2BBEE,60-69,Andina
********0435,Comerciante,4500000,CUST-AB0C16BFE8F8,50-59,Pacífica
********0436,Ingeniero de sistemas,4900000,CUST-585DEE41D084,30-39,Andina
********0437,Administradora,4470000,CUST-737A71FF6468,50-59,Andina
********0438,Docente,2850000,CUST-C34A5B573E31,30-39,Andina
********0439,Comerciante,4250000,CUST-7AEB1D298F35,50-59,Andina
********0440,Analista financiera,3890000,CUST-83D86CD46333,60-69,Caribe
********0441,Administradora,4900000,CUST-E90C9C7A4965,50-59,Andina
********0442,Administradora,5360000,CUST-4F5AF71A7313,50-59,Andina
********0443,Docente,2560000,CUST-D031595261DC,30-39,Pacífica
********0444,Arquitecta,4010000,CUST-7DA344F0E09F,50-59,Andina
********0445,Enfermera,3900000,CUST-920823A6C2E5,40-49,Caribe
********0446,Técnico electricista,1870000,CUST-6D624002298A,20-29,Pacífica
********0447,Administradora,3570000,CUST-A13CD47F2957,60-69,Andina
********0448,Técnico electricista,4730000,CUST-23FED4038969,50-59,Andina
********0449,Contadora,3620000,CUST-96F4BC44B00D,40-49,Andina
********0450,Ingeniero de sistemas,5390000,CUST-10DF8B65EBE2,60-69,Andina
********0451,Comerciante,2890000,CUST-8F44632EDF0F,30-39,Caribe
********0452,Docente,2090000,CUST-E5B775BEC664,20-29,Andina
********0453,Administradora,3740000,CUST-995554BCA992,50-59,Andina
********0454,Enfermera,3430000,CUST-595239E2D548,60-69,Andina
********0455,Médico,4520000,CUST-1B2B97FE32E6,60-69,Andina
********0456,Técnico electricista,2180000,CUST-0021A0FA9902,40-49,Andina
********0457,Administradora,1500000,CUST-9A8C840C86CC,30-39,Caribe
********0458,Administradora,2120000,CUST-1C118F9F15DB,60-69,Andina
********0459,Ingeniero de sistemas,3270000,CUST-BDDB2944F382,60-69,Andina
********0460,Analista financiera,5250000,CUST-859866C17364,40-49,Andina
********0461,Analista financiera,4230000,CUST-E1650F1E62C9,20-29,Andina
********0462,Enfermera,1940000,CUST-CECBDF9D0654,40-49,Andina
********0463,Docente,3290000,CUST-1D88E5CD13B0,60-69,Andina
********0464,Administradora,2980000,CUST-946B96340A4E,50-59,Andina
********0465,Ingeniero de sistemas,4220000,CUST-1BAB9B45A11E,50-59,Pacífica
********0466,Ingeniero de sistemas,4880000,CUST-BC0B5BCE9F68,50-59,Andina
********0467,Docente,3410000,CUST-A0707B8BEA70,60-69,Andina
********0468,Ingeniero de sistemas,4560000,CUST-29C852455371,60-69,Andina
********0469,Administradora,2060000,CUST-B25D969E3CEE,40-49,Andina
********0470,Arquitecta,6010000,CUST-6ACD78472DF5,30-39,Andina
********0471,Docente,2020000,CUST-1ADDA29256AC,50-59,Andina
********0472,Comerciante,2600000,CUST-2C4A4B08F291,30-39,Pacífica
********0473,Comerciante,4190000,CUST-F2132B4BF78C,50-59,Andina
********0474,Ingeniero de sistemas,2850000,CUST-171AADEB9476,20-29,Andina
********0475,Técnico electricista,2520000,CUST-3B53E6936038,30-39,Andina
********0476,Comerciante,2130000,CUST-890854B1DCA6,50-59,Pacífica
********0477,Comerciante,3510000,CUST-369640F1C68A,20-29,Andina
********0478,Administradora,2410000,CUST-48C0D3C8D7BF,20-29,Caribe
********0479,Arquitecta,2240000,CUST-0885E2C8C0A8,30-39,Andina
********0480,Enfermera,4610000,CUST-8B431236A3C3,50-59,Andina
********0481,Administradora,1850000,CUST-83F54207D1F4,30-39,Pacífica
********0482,Técnico electricista,2630000,CUST-2752B8CB2A56,50-59,Caribe
********0483,Diseñadora gráfica,6440000,CUST-DE00FE64F3FF,60-69,Andina
********0484,Ingeniero de sistemas,3470000,CUST-48933B16AAAB,30-39,Caribe
********0485,Docente,2240000,CUST-D785D35E5D02,50-59,Andina
********0486,Ingeniero de sistemas,4160000,CUST-537184617177,30-39,Pacífica
********0487,Ingeniero de sistemas,3440000,CUST-4B5B9C1D0E8B,60-69,Andina
********0488,Médico,4520000,CUST-B389E88CA14D,20-29,Andina
********0489,Ingeniero de sistemas,4610000,CUST-7FFE2EEC6DF7,30-39,Andina
********0490,Contadora,2870000,CUST-214DEE234C94,20-29,Andina
********0491,Docente,4420000,CUST-BFA29B46F4F0,50-59,Andina
********0492,Ingeniero de sistemas,5260000,CUST-9550084582A9,20-29,Andina
********0493,Abogada,3580000,CUST-1C114E531338,20-29,Andina
********0494,Administradora,3290000,CUST-0D79F99EAC2C,30-39,Andina
********0495,Comerciante,3610000,CUST-7BBAF7CD852A,30-39,Andina
********0496,Administradora,5110000,CUST-5B400D4F58B2,30-39,Andina
********0497,Contadora,3610000,CUST-1292C9C1F210,60-69,Andina
********0498,Analista financiera,4220000,CUST-9F808AC05F67,50-59,Andina
********0499,Analista financiera,6070000,CUST-4FA65374C712,40-49,Andina
********0500,Diseñadora gráfica,1860000,CUST-3E6312A7DAD4,40-49,Andina
********0501,Abogada,2380000,CUST-FFFF0B5FD704,30-39,Andina
********0502,Arquitecta,3090000,CUST-77E5C5B17832,50-59,Pacífica
********0503,Contadora,4630000,CUST-F534C68C3545,50-59,Andina
********0504,Administradora,3250000,CUST-54412F4144A6,20-29,Andina
********0505,Técnico electricista,3380000,CUST-9217BCE15905,40-49,Andina
********0506,Comerciante,4360000,CUST-9290635B6129,60-69,Andina
********0507,Enfermera,1220000,CUST-33D143CD9770,30-39,Andina
********0508,Arquitecta,6080000,CUST-EAA8B7C768C3,40-49,Andina
********0509,Diseñadora gráfica,3020000,CUST-A99D81129BAA,30-39,Andina
********0510,Docente,3380000,CUST-3C7052353634,50-59,Andina
********0511,Contadora,1850000,CUST-2AA32BF31DA3,30-39,Andina
********0512,Técnico electricista,2500000,CUST-00D8E0FCE6A1,20-29,Andina
********0513,Administradora,3160000,CUST-4D1E98F89878,20-29,Pacífica
********0514,Analista financiera,3740000,CUST-9E00B6A0DE8D,20-29,Andina
********0515,Contadora,3840000,CUST-BBB3782F9A3F,20-29,Pacífica
********0516,Contadora,4930000,CUST-AFF2F3F682CB,50-59,Andina
********0517,Contadora,4570000,CUST-0674D3B3F8DF,20-29,Andina
********0518,Comerciante,3750000,CUST-3C3B792DC742,20-29,Andina
********0519,Abogada,3880000,CUST-08F1E288767E,20-29,Andina
********0520,Enfermera,2140000,CUST-21CF63B2B971,30-39,Andina
********0521,Contadora,2950000,CUST-A95F96F91F9E,20-29,Andina
********0522,Comerciante,5790000,CUST-7F9EA0D4874F,60-69,Andina
********0523,Técnico electricista,2810000,CUST-1023DC8C114E,60-69,Caribe
********0524,Comerciante,3810000,CUST-0863D5E79814,30-39,Andina
********0525,Abogada,6080000,CUST-70A491C6B9AE,50-59,Andina
********0526,Ingeniero de sistemas,5790000,CUST-6B723E79FB85,40-49,Andina
********0527,Docente,2390000,CUST-0DA4596900B1,30-39,Andina
********0528,Técnico electricista,2230000,CUST-FE181FE21182,40-49,Pacífica
********0529,Abogada,1810000,CUST-2CE5BE704BBB,20-29,Andina
********0530,Contadora,2350000,CUST-5FD2D90C8CE6,30-39,Andina
********0531,Enfermera,1940000,CUST-C0605A8111DA,40-49,Andina
********0532,Arquitecta,4540000,CUST-104458295889,30-39,Andina
********0533,Ingeniero de sistemas,5420000,CUST-B6A9CFE11B72,60-69,Andina
********0534,Comerciante,4160000,CUST-35ACC1D03B71,40-49,Andina
********0535,Comerciante,4290000,CUST-C4574247128B,20-29,Caribe
********0536,Arquitecta,4690000,CUST-2700EBA84C1E,20-29,Andina
********0537,Médico,2740000,CUST-72C8C020E701,50-59,Andina
********0538,Enfermera,4240000,CUST-FB7E774554BA,60-69,Andina
********0539,Contadora,6240000,CUST-55BC87E2A11A,60-69,Andina
********0540,Técnico electricista,3090000,CUST-6AEE845CCC01,20-29,Andina
********0541,Analista financiera,6030000,CUST-040A2FCD4D0C,50-59,Andina
********0542,Contadora,3140000,CUST-76641B3B4A4E,40-49,Andina
********0543,Enfermera,2240000,CUST-CC0D4B79AC72,60-69,Andina
********0544,Ingeniero de sistemas,5510000,CUST-837E61EA9647,50-59,Andina
********0545,Contadora,5000000,CUST-23394FD90361,40-49,Andina
********0546,Comerciante,1840000,CUST-C448F1EA1E8E,20-29,Andina
********0547,Diseñadora gráfica,4990000,CUST-04FD7D692EAB,50-59,Caribe
********0548,Contadora,3430000,CUST-3DADB6F4EB0A,30-39,Andina
********0549,Administradora,3770000,CUST-1E2C236B17B7,30-39,Andina
********0550,Administradora,2300000,CUST-36D4B2802503,40-49,Andina
********0551,Analista financiera,4770000,CUST-D28126345A93,30-39,Andina
********0552,Ingeniero de sistemas,2820000,CUST-A6F0CD40B0DA,40-49,Andina
********0553,Contadora,2900000,CUST-E6572BE233C1,30-39,Andina
********0554,Administradora,2680000,CUST-D64877736FF0,60-69,Pacífica
********0555,Ingeniero de sistemas,4850000,CUST-A1EF5E2C2D61,20-29,Andina
********0556,Abogada,4340000,CUST-384320CB5C27,60-69,Andina
********0557,Enfermera,3600000,CUST-4246B16D0FC0,60-69,Andina
********0558,Comerciante,2350000,CUST-CD065A98ABD5,50-59,Andina
********0559,Enfermera,4140000,CUST-76841D6339A6,40-49,Andina
********0560,Comerciante,4070000,CUST-9B173C20DFB8,40-49,Andina
********0561,Analista financiera,4100000,CUST-8ED219212C0B,50-59,Andina
********0562,Técnico electricista,5870000,CUST-722966105A4B,60-69,Andina
********0563,Docente,4450000,CUST-856FA08FDC29,50-59,Andina
********0564,Abogada,3610000,CUST-93C42F441678,30-39,Andina
********0565,Docente,5610000,CUST-17C8F38E3E4C,60-69,Andina
********0566,Arquitecta,3830000,CUST-A6EB6A419029,30-39,Andina
********0567,Enfermera,4280000,CUST-DDC679122EA7,40-49,Andina
********0568,Comerciante,1660000,CUST-FA1D48B2DA46,20-29,Andina
********0569,Abogada,4800000,CUST-808D499D3D02,40-49,Andina
********0570,Enfermera,3570000,CUST-468E6FF7EA46,50-59,Caribe
********0571,Abogada,3670000,CUST-E4387AFEF5B7,20-29,Pacífica
********0572,Ingeniero de sistemas,3950000,CUST-6BBF1A7B18CF,20-29,Pacífica
********0573,Contadora,4490000,CUST-E560C76F021E,50-59,Andina
********0574,Administradora,6450000,CUST-B77E290B9E5B,60-69,Andina
********0575,Administradora,1860000,CUST-62BE99E308E9,20-29,Andina
********0576,Ingeniero de sistemas,3740000,CUST-B6D00AE90DB0,50-59,Caribe
********0577,Administradora,3140000,CUST-D77E6D40CB57,50-59,Andina
********0578,Ingeniero de sistemas,2270000,CUST-0A08F9DC38A8,50-59,Andina
********0579,Técnico electricista,2380000,CUST-8E6969D4CF45,40-49,Andina
********0580,Analista financiera,4610000,CUST-18C75C2602C4,50-59,Andina
********0581,Ingeniero de sistemas,2900000,CUST-F612B3FB9E5F,30-39,Andina
********0582,Arquitecta,2300000,CUST-106FB30A4341,30-39,Andina
********0583,Comerciante,2560000,CUST-E6F78B1E224D,40-49,Andina
********0584,Comerciante,2990000,CUST-81405461E696,20-29,Andina
********0585,Docente,2970000,CUST-A5B9D2361434,50-59,Andina
********0586,Arquitecta,4840000,CUST-043F2DA58EEB,20-29,Andina
********0587,Administradora,3650000,CUST-9EDEFE3C777D,20-29,Andina
********0588,Enfermera,3470000,CUST-D377EE7F9582,40-49,Andina
********0589,Docente,2510000,CUST-F9F0CF2CC5B2,50-59,Andina
********0590,Comerciante,6300000,CUST-F96CF39EA6C1,50-59,Caribe
********0591,Enfermera,3640000,CUST-B05E92A6A74F,60-69,Andina
********0592,Ingeniero de sistemas,3920000,CUST-4E6033900F9D,50-59,Pacífica
********0593,Comerciante,2740000,CUST-3CA4EC1D0DEA,40-49,Andina
********0594,Arquitecta,3090000,CUST-9453BC5973C9,50-59,Andina
********0595,Médico,4260000,CUST-3C341B145788,40-49,Andina
********0596,Médico,2160000,CUST-E0C42065E7B5,20-29,Andina
********0597,Comerciante,6090000,CUST-E036BFAD6236,20-29,Andina
********0598,Ingeniero de sistemas,4030000,CUST-D3A518C898BC,30-39,Andina
********0599,Diseñadora gráfica,4140000,CUST-7A4745FEFA50,50-59,Caribe
********0600,Comerciante,3960000,CUST-3001E46E291C,30-39,Caribe
