item,count
United States of America,75
United Kingdom,39
China,36
Australia,31
India,27
Italy,18
Germany,18
Spain,16
Malaysia,15
South Korea,13
Russia,13
United Arab Emirates,10
Canada,8
Finland,7
Sweden,7
France,7
Indonesia,6
Netherlands,6
Brazil,6
Thailand,5
Portugal,5
Japan,5
Poland,5
South Africa,4
Jordan,4
Norway,4
New Zealand,4
Iran,4
Turkey,4
Morocco,4
Egypt,4
Taiwan,3
Saudi Arabia,3
Vietnam,3
Croatia,2
Romania,2
Algeria,2
Hungary,2
Pakistan,2
Tunisia,2
Belarus,2
Iraq,2
Nigeria,2
Mexico,2
Slovakia,2
Lithuania,2
Denmark,2
Colombia,2
Oman,2
Cyprus,1
Costa Rica,1
Greece,1
Belgium,1
Macedonia,1
Slovenia,1
Austria,1
Republic of Serbia,1
Lebanon,1
Israel,1
Kazakhstan,1
Ukraine,1
West Bank,1
Philippines,1
Ireland,1
Bulgaria,1
